opId,id,online,name,sort,vipState
plants,1d81707a-dcd8-11ec-b847-acde48001122,1,plants,2,0
abstract,1d8171ba-dcd8-11ec-b847-acde48001122,1,abstract,1,0
illustration,1d817200-dcd8-11ec-b847-acde48001122,1,illustration,8,0
gradient,1d817232-dcd8-11ec-b847-acde48001122,1,gradient,4,0
holiday,1d817264-dcd8-11ec-b847-acde48001122,1,holiday,9,0
dreamy,1d817296-dcd8-11ec-b847-acde48001122,1,dreamy,3,0
fruits,1d8172c8-dcd8-11ec-b847-acde48001122,1,fruits,7,0
retro,1d8172f0-dcd8-11ec-b847-acde48001122,1,retro,6,0
pattern,1d817322-dcd8-11ec-b847-acde48001122,1,pattern,10,0
texture,1d817354-dcd8-11ec-b847-acde48001122,1,texture,5,0
