sort,id,opId,vipState,name,online
1,1d81707a-dcd8-11ec-b847-acde48001122,plants,0,plants,1
2,1d8171ba-dcd8-11ec-b847-acde48001122,abstract,0,abstract,1
3,1d817200-dcd8-11ec-b847-acde48001122,illustration,0,illustration,1
4,1d817232-dcd8-11ec-b847-acde48001122,gradient,0,gradient,1
5,1d817264-dcd8-11ec-b847-acde48001122,holiday,0,holiday,1
6,1d817296-dcd8-11ec-b847-acde48001122,dreamy,0,dreamy,1
7,1d8172c8-dcd8-11ec-b847-acde48001122,fruits,0,fruits,1
8,1d8172f0-dcd8-11ec-b847-acde48001122,retro,0,retro,1
9,1d817322-dcd8-11ec-b847-acde48001122,pattern,0,pattern,1
10,1d817354-dcd8-11ec-b847-acde48001122,texture,0,texture,1
