sort,vipState,opId,name,id,online
1,0,plants,plants,1d81707a-dcd8-11ec-b847-acde48001122,1
2,0,abstract,abstract,1d8171ba-dcd8-11ec-b847-acde48001122,0
3,0,illustration,illustration,1d817200-dcd8-11ec-b847-acde48001122,1
4,0,gradient,gradient,1d817232-dcd8-11ec-b847-acde48001122,1
5,0,holiday,holiday,1d817264-dcd8-11ec-b847-acde48001122,1
6,0,dreamy,dreamy,1d817296-dcd8-11ec-b847-acde48001122,1
7,0,fruits,fruits,1d8172c8-dcd8-11ec-b847-acde48001122,1
8,0,retro,retro,1d8172f0-dcd8-11ec-b847-acde48001122,1
9,0,pattern,pattern,1d817322-dcd8-11ec-b847-acde48001122,0
10,0,texture,texture,1d817354-dcd8-11ec-b847-acde48001122,1
